timestamp,ip,protocol,port,hostname,asn,geo,region,city,version,clk_wander,clock,error,frequency,jitter,leap,mintc,noise,offset,peer,phase,poll,precision,processor,refid,reftime,rootdelay,rootdispersion,stability,state,stratum,system,tai,tc,naics,sic,sector
09/02/2017 05:14,192.100.199.18,udp,123,,278,MX,DISTRITO FEDERAL,MEXICO CITY,4,,0xDC46792C.9F2E581A,,2.076,12.163,0,,1.106,-3.022,,,10,-24,unknown,192.167.169.17,0xDC467265.F5212D65,19.096,56.421,0.038,4,2,UNIX,,,0,0,Information Technology
09/02/2017 05:42,192.100.199.25,udp,123,,278,MX,DISTRITO FEDERAL,MEXICO CITY,4,0,0xDC467FCE.62756E49,,0,0,0,3,,0,,,,-21,unknown,192.167.169.17,0xDC465949.0ECF8DE7,0,0,,,2,UNIX,,10,0,0,Information Technology
09/02/2017 05:39,192.100.199.45,udp,123,,278,MX,DISTRITO FEDERAL,MEXICO CITY,4,0,0xDC467EFF.4905E808,,0,0,0,3,,0,,,,-21,unknown,192.167.169.17,0xDC466478.833C7780,0,0,,,2,UNIX,,10,0,0,Information Technology
09/02/2017 03:30,192.100.199.49,udp,123,,278,MX,DISTRITO FEDERAL,MEXICO CITY,4,3,0xDC4660DA.9C5C41F9,,3,0,0,3,,3,,,,-22,unknown,192.167.169.17,0xDC464C38.9A41D2B9,3,3,,,2,UNIX,,10,0,0,Information Technology
09/02/2017 03:19,192.100.199.56,udp,123,,278,MX,DISTRITO FEDERAL,MEXICO CITY,4,,0xdc465e2f.30e7623e,,4.952,1.392,0,,1.081,-0.432,,,10,-10,unknown,192.167.169.17,0xdc465dcb.889c0702,0.977,19.467,0.036,4,2,UNIX,,,0,0,Information Technology
09/02/2017 05:35,192.100.199.57,udp,123,,278,MX,DISTRITO FEDERAL,MEXICO CITY,4,,0xdc467e1f.9f2f26a2,,4.968,0.977,0,,1.027,-0.054,,,10,-10,unknown,192.167.169.17,0xdc467ddb.c91934d6,0.977,18.257,0.032,4,2,UNIX,,,0,0,Information Technology
09/02/2017 03:53,192.100.199.59,udp,123,,278,MX,DISTRITO FEDERAL,MEXICO CITY,4,,0xdc46664f.6be5edc1,,4.985,0.977,0,,1.057,0.335,,,10,-10,unknown,192.167.169.17,0xdc4665d0.990c51d0,0.977,19.299,0.032,4,2,UNIX,,,0,0,Information Technology
09/02/2017 03:59,192.100.199.61,udp,123,,278,MX,DISTRITO FEDERAL,MEXICO CITY,4,0,0xDC4667B8.3E68B66C,,0,0,0,3,,0,,,,-21,unknown,192.167.169.17,0xDC465949.0ECF8DE7,0,0,,,2,UNIX,,10,0,0,Information Technology
09/02/2017 05:33,192.100.199.66,udp,123,,278,MX,DISTRITO FEDERAL,MEXICO CITY,4,0,0xDC467DA4.1FB5CB30,,0,0,0,3,,0,,,,-20,unknown,192.167.169.17,0xDC466237.886AC8D9,0,0,,,2,UNIX,,10,0,0,Information Technology
09/02/2017 05:26,192.100.199.70,udp,123,,278,MX,DISTRITO FEDERAL,MEXICO CITY,4,0,0xDC467C0E.354E4574,,0,0,0,3,,0,,,,-21,unknown,192.167.169.17,0xDC4665B6.66E6D6AB,0,0,,,2,UNIX,,9,0,0,Information Technology
09/02/2017 05:32,192.100.199.74,udp,123,,278,MX,DISTRITO FEDERAL,MEXICO CITY,4,0,0xDC467D57.F85B5958,,0,0,0,3,,0,,,,-21,unknown,192.167.169.17,0xDC466245.285403AD,0,0,,,2,UNIX,,9,0,0,Information Technology
09/02/2017 04:37,192.100.199.101,udp,123,,278,MX,DISTRITO FEDERAL,MEXICO CITY,4,3,0xDC46709D.04D77299,,3,0,0,3,,3,,,,-22,unknown,192.167.169.17,0xDC466D54.B0A30AA2,3,3,,,2,UNIX,,10,0,0,Information Technology
09/02/2017 03:51,192.100.199.102,udp,123,,278,MX,DISTRITO FEDERAL,MEXICO CITY,4,0,0xDC4665A4.BC38F5E1,,0,0,0,3,,0,,,,-21,unknown,192.167.169.17,0xDC465820.E923D6F1,0,0,,,2,UNIX,,10,0,0,Information Technology
09/02/2017 04:42,192.100.199.113,udp,123,,278,MX,DISTRITO FEDERAL,MEXICO CITY,4,0,0xDC4671AE.71043FB1,,0,0,0,3,,0,,,,-21,unknown,192.167.169.17,0xDC465949.0ECF8DE7,0,0,,,2,UNIX,,10,0,0,Information Technology
09/02/2017 05:46,192.100.199.154,udp,123,,278,MX,DISTRITO FEDERAL,MEXICO CITY,4,0,0xDC467567.AD4741B0,,0,0,3,3,,0,,,,-20,unknown,INIT,0x00000000.00000000,0,0,,,16,UNIX,,3,0,0,Information Technology
09/02/2017 05:23,192.100.199.158,udp,123,,278,MX,DISTRITO FEDERAL,MEXICO CITY,4,0,0xDC4675CF.80D8E247,,0,0,3,3,,0,,,,-21,unknown,INIT,0x00000000.00000000,0,0,,,16,UNIX,,3,0,0,Information Technology
09/02/2017 03:27,192.100.199.170,udp,123,,278,MX,DISTRITO FEDERAL,MEXICO CITY,4,0,0xDC46603A.D61452A2,,0,0,0,3,,0,,,,-20,unknown,192.167.169.17,0xDC465FF8.6FF426F8,0,0,,,2,UNIX,,10,0,0,Information Technology
09/02/2017 04:07,192.100.199.181,udp,123,,278,MX,DISTRITO FEDERAL,MEXICO CITY,4,0,0xDC46695F.F9A00CE6,,0,0,0,3,,0,,,,-20,unknown,192.167.169.17,0xDC465ECE.8F10E064,0,0,,,2,UNIX,,10,0,0,Information Technology
09/02/2017 05:34,192.100.199.185,udp,123,,278,MX,DISTRITO FEDERAL,MEXICO CITY,4,0,0xDC467E02.181690B0,,0,0,0,3,,0,,,,-21,unknown,192.167.169.17,0xDC465949.0ECF8DE7,0,0,,,2,UNIX,,10,0,0,Information Technology
09/02/2017 03:38,192.100.199.190,udp,123,,278,MX,DISTRITO FEDERAL,MEXICO CITY,4,0,0xDC4662D2.B11D851B,,0,0,0,3,,0,,,,-22,unknown,192.167.169.17,0xDC4656B5.A88B0880,0,0,,,2,UNIX,,10,0,0,Information Technology
09/02/2017 03:34,192.100.199.193,udp,123,,278,MX,DISTRITO FEDERAL,MEXICO CITY,4,0,0xDC4661BC.27E53441,,0,0,0,3,,0,,,,-21,unknown,192.167.169.17,0xDC465949.0ECF8DE7,0,0,,,2,UNIX,,10,0,0,Information Technology
09/02/2017 04:10,192.100.199.198,udp,123,,278,MX,DISTRITO FEDERAL,MEXICO CITY,4,0,0xDC466A35.94A32ED5,,0,0,0,3,,0,,,,-21,unknown,192.167.169.17,0xDC4602B7.229A9B78,0,0,,,2,UNIX,,10,0,0,Information Technology
09/02/2017 04:58,192.100.199.201,udp,123,,278,MX,DISTRITO FEDERAL,MEXICO CITY,4,0,0xDC467570.A0FE8C51,,0,0,0,3,,0,,,,-21,unknown,192.167.169.17,0xDC465949.0ECF8DE7,0,0,,,2,UNIX,,10,0,0,Information Technology
09/02/2017 04:15,192.100.199.209,udp,123,,278,MX,DISTRITO FEDERAL,MEXICO CITY,4,0,0xDC466B77.EEF1D384,,0,0,0,3,,0,,,,-21,unknown,192.167.169.17,0xDC465949.0ECF8DE7,0,0,,,2,UNIX,,10,0,0,Information Technology
09/02/2017 04:45,192.100.199.218,udp,123,,278,MX,DISTRITO FEDERAL,MEXICO CITY,4,0,0xDC467254.1F489A2D,,0,0,0,3,,0,,,,-21,unknown,192.167.169.17,0xDC466FFA.D1486C08,0,0,,,2,UNIX,,10,0,0,Information Technology
09/02/2017 03:34,192.100.199.246,udp,123,,278,MX,DISTRITO FEDERAL,MEXICO CITY,4,0,0xDC4661C8.30511A8A,,0,0,0,3,,0,,,,-20,unknown,192.167.169.17,0xDC462E64.89A76267,0,0,,,2,UNIX,,10,0,0,Information Technology
09/02/2017 05:14,192.100.199.252,udp,123,,278,MX,DISTRITO FEDERAL,MEXICO CITY,4,,0xdc467918.54e65d41,,4.979,0.977,0,,1.042,0.25,,,10,-10,unknown,192.167.169.17,0xdc4675d9.b92b589e,0.977,29.777,0.033,4,2,UNIX,,,0,0,Information Technology
09/02/2017 03:48,192.100.199.253,udp,123,,278,MX,DISTRITO FEDERAL,MEXICO CITY,4,,0xdc46650f.747f939a,,4.965,0.977,0,,1.068,-0.131,,,10,-10,unknown,192.167.169.17,0xdc4661ce.9198f40a,0.977,29.716,0.033,4,2,UNIX,,,0,0,Information Technology
09/02/2017 05:01,192.100.199.255,udp,123,,278,MX,DISTRITO FEDERAL,MEXICO CITY,4,,0xdc46763e.2b72bbc5,,4.979,0.977,0,,1.042,0.25,,,10,-10,unknown,192.167.169.17,0xdc4675d9.b92b589e,0.977,18.842,0.033,4,2,UNIX,,,0,0,Information Technology
09/02/2017 04:15,192.100.200.21,udp,123,,278,MX,DISTRITO FEDERAL,MEXICO CITY,4,0,0xDC466B67.CD33A0D0,,0,0,0,3,,0,,,,-21,unknown,192.167.169.17,0xDC465949.0ECF8DE7,0,0,,,2,UNIX,,10,0,0,Information Technology
09/02/2017 04:46,192.100.200.182,udp,123,,278,MX,DISTRITO FEDERAL,MEXICO CITY,4,0,0xDC4672BA.FD7897E3,,0,0,0,3,,0,,,,-21,unknown,192.167.169.17,0xDC4672B9.E70E98E1,0,0,,,2,UNIX,,9,0,0,Information Technology
09/02/2017 04:01,192.167.42.250,udp,123,,278,MX,DISTRITO FEDERAL,MEXICO CITY,,,0xdc461549.1d94af4f,,0,0,3,,,,0,,6,-18,,0.0.0.0,0x00000000.00000000,0,0,0,0,16,,,,0,0,Information Technology
09/02/2017 04:34,192.167.46.254,udp,123,,278,MX,DISTRITO FEDERAL,MEXICO CITY,4,,0xDC466FD3.EB1D41B4,,0.333,0.169,0,,0.468,-1.594,,,10,-24,unknown,192.167.169.17,0xDC466A9C.40E0581E,50.743,36.858,0.016,4,2,UNIX,,,0,0,Information Technology
09/02/2017 04:41,192.167.71.21,udp,123,,278,MX,DISTRITO FEDERAL,MEXICO CITY,4,,0xDC46717E.2AC3492F,,1.093,1.545,3,,0.546,1.268,,,6,-24,unknown,INIT,0xDBC239A4.1692F270,0,99999.999,0.017,4,16,UNIX,,,0,0,Information Technology
09/02/2017 04:02,192.167.71.28,udp,123,,278,MX,DISTRITO FEDERAL,MEXICO CITY,4.2.4p8,,0xdc466870.53697d40,,-0.303,0.004,0,,0.004,-0.011,,,10,-18,unknown,GPS,0xdc466870.164e9b5e,0,0.276,0,4,1,powerpc-ecos-ecos,,,0,0,Information Technology
09/02/2017 04:14,192.167.71.85,udp,123,,278,MX,DISTRITO FEDERAL,MEXICO CITY,,,0xdc466b11.576d7000,0.09,15669.22,,0,,,,2172,,10,,,192.36.143.130,0xdc466712.47568000,193.66,10.03,,,2,SunOS,,,0,0,Information Technology
09/02/2017 03:46,192.167.71.87,udp,123,,278,MX,DISTRITO FEDERAL,MEXICO CITY,,,0xdc466482.7e5fe000,8.61,-48621.98,,0,,,,50853,,10,,,192.36.143.130,0xdc4662df.b226e000,180.21,11.29,,,2,SunOS,,,0,0,Information Technology
09/02/2017 04:00,192.167.71.90,udp,123,,278,MX,DISTRITO FEDERAL,MEXICO CITY,,,0xdc4667d3.72397000,11.4,-49294.4,,0,,,,44844,,10,,,192.36.143.130,0xdc466594.54757000,185.87,11.66,,,2,SunOS,,,0,0,Information Technology
09/02/2017 04:48,192.167.73.52,udp,123,,278,MX,DISTRITO FEDERAL,MEXICO CITY,ntpd 4.2.8@1.3265-o Tue Jun  7 19:05:51 UTC 2016 (3),0,0xdc466bc0.c4480d76,,0,0,0,3,,0,,,,-21,x86_64,127.127.1.0,0xdc466b8e.3fc9c038,0,11.677,,,6,Linux/3.4.6,,6,0,0,Information Technology
09/02/2017 04:38,192.167.90.14,udp,123,,278,MX,DISTRITO FEDERAL,MEXICO CITY,ntpd 4.2.6p5@1.2349 Thu Feb  6 22:10:48 UTC 2014 (1),0.024,0xdc4670ca.f22a4d2f,,-4.91,0,0,3,,0.479,,,,-19,armv7l,192.166.11.238,0xdc466f20.f48c1e38,116.556,76.788,,,3,Linux/2.6.37+,,8,0,0,Information Technology
09/02/2017 03:14,192.167.90.35,udp,123,,278,MX,DISTRITO FEDERAL,MEXICO CITY,ntpd 4.2.6p5@1.2349 Thu Feb  6 22:10:48 UTC 2014 (1),0.003,0xdc465d07.20d4121c,,-2.271,0,0,3,,-0.004,,,,-19,armv7l,192.166.11.227,0xdc465aa8.ec524888,118.202,83.274,,,3,Linux/2.6.37+,,9,0,0,Information Technology
09/02/2017 04:24,192.167.90.37,udp,123,,278,MX,DISTRITO FEDERAL,MEXICO CITY,ntpd 4.2.6p5@1.2349 Thu Feb  6 22:10:48 UTC 2014 (1),0.022,0xdc466d64.341985d1,,-5.08,0,0,3,,0.22,,,,-19,armv7l,192.166.11.229,0xdc466a75.e8d3335c,119.462,92.472,,,3,Linux/2.6.37+,,9,0,0,Information Technology
09/02/2017 04:16,192.167.90.47,udp,123,,278,MX,DISTRITO FEDERAL,MEXICO CITY,ntpd 4.2.6p5@1.2349 Thu Feb  6 22:10:48 UTC 2014 (1),0.024,0xdc466bab.f8f7ea80,,-11.73,0,0,3,,-0.233,,,,-19,armv7l,192.166.11.229,0xdc466990.f185a663,116.571,83.478,,,3,Linux/2.6.37+,,10,0,0,Information Technology
09/02/2017 04:36,192.167.90.48,udp,123,,278,MX,DISTRITO FEDERAL,MEXICO CITY,ntpd 4.2.6p5@1.2349 Thu Feb  6 22:10:48 UTC 2014 (1),0.005,0xdc467065.b90ae1d8,,-2.559,0,0,3,,-0.054,,,,-19,armv7l,192.166.11.227,0xdc466e19.f09538af,115.134,76.338,,,3,Linux/2.6.37+,,9,0,0,Information Technology
09/02/2017 04:27,192.167.90.50,udp,123,,278,MX,DISTRITO FEDERAL,MEXICO CITY,ntpd 4.2.6p5@1.2349 Thu Feb  6 22:10:48 UTC 2014 (1),0.007,0xdc466e35.fc38cba2,,-6.373,0,0,3,,-0.029,,,,-19,armv7l,192.166.11.238,0xdc466dfb.f74aab05,118.219,68.673,,,3,Linux/2.6.37+,,10,0,0,Information Technology
09/02/2017 04:19,192.167.90.51,udp,123,,278,MX,DISTRITO FEDERAL,MEXICO CITY,ntpd 4.2.6p5@1.2349 Thu Feb  6 22:10:48 UTC 2014 (1),0.01,0xdc466c40.578b279a,,-2.357,0,0,3,,0.168,,,,-19,armv7l,192.166.11.227,0xdc466b55.eb75d4a3,118.236,75.991,,,3,Linux/2.6.37+,,10,0,0,Information Technology
09/02/2017 03:25,192.167.101.254,udp,123,,278,MX,DISTRITO FEDERAL,MEXICO CITY,4,,0xDC45F81C.C51EBA70,,0,0,3,,0,0,,,6,-6,unknown,INIT,0x00000000.00000000,0,0,0,1,16,UNIX,,,0,0,Information Technology
09/02/2017 04:32,192.167.107.3,udp,123,,278,MX,DISTRITO FEDERAL,MEXICO CITY,ntpd 4.2.8p8@1.3265-o Fri Jun 10 15:40:53 UTC 2016 (1),0.054,0xdc466f55.59aebc76,,38.974,0,0,3,,0.836,,,,-20,amd64,192.36.143.130,0xdc466972.1c60fa37,206.161,34.018,,,2,FreeBSD/10.3-RELEASE-p9,1,9,0,0,Information Technology
09/02/2017 04:27,192.167.110.130,udp,123,,278,MX,DISTRITO FEDERAL,MEXICO CITY,4,3,0xDC466E40.56E4A249,,3,0,0,3,,3,,,,-22,unknown,192.167.169.17,0xDC466E22.26C2CAD5,3,3,,,2,UNIX,,6,0,0,Information Technology
09/02/2017 06:00,192.167.110.189,udp,123,,278,MX,DISTRITO FEDERAL,MEXICO CITY,4,,0xAF864C79.FBE1E055,,0,0,3,,0,0,,,6,-17,unknown,INIT,0x00000000.00000000,0,0,0,1,16,UNIX,,,0,0,Information Technology
09/02/2017 03:29,192.167.112.4,udp,123,,278,MX,DISTRITO FEDERAL,MEXICO CITY,ntpd 4.2.8@1.3265-o Tue Jun 30 04:23:53 UTC 2015 (1),0,0xdc466090.1f7308e5,,0,0,0,3,,0,,,,-20,x86_64,127.127.1.0,0xdc466055.f1d80c56,0,11.797,,,6,Linux/3.4.6,,6,0,0,Information Technology
09/02/2017 05:58,192.167.112.30,udp,123,,278,MX,DISTRITO FEDERAL,MEXICO CITY,4,0,0xDC46837E.127D29EE,,0,0,0,3,,0,,,,-21,unknown,192.167.169.17,0xDC467F92.A8C67D7F,0,0,,,2,UNIX,,10,0,0,Information Technology
09/02/2017 03:51,192.167.112.62,udp,123,,278,MX,DISTRITO FEDERAL,MEXICO CITY,4,0,0xDC4665D3.8E5B4E3A,,0,0,0,3,,0,,,,-21,unknown,192.167.169.17,0xDC463BC5.8F0F09F2,0,0,,,2,UNIX,,10,0,0,Information Technology
09/02/2017 03:23,192.167.112.75,udp,123,,278,MX,DISTRITO FEDERAL,MEXICO CITY,ntpd 4.2.8@1.3265-o Tue Jun 30 06:07:03 UTC 2015 (3),0,0xdc46683e.9f24436f,,0,0,0,3,,0,,,,-21,x86_64,127.127.1.0,0xdc46681e.9157150c,0,11.407,,,6,Linux/3.4.6,,6,0,0,Information Technology
09/02/2017 04:29,192.167.112.94,udp,123,,278,MX,DISTRITO FEDERAL,MEXICO CITY,4,0,0xDC466EAF.4F588265,,0,0,0,3,,0,,,,-21,unknown,192.167.169.17,0xDC466E8A.EAF11E83,0,0,,,2,UNIX,,10,0,0,Information Technology
09/02/2017 03:27,192.167.112.100,udp,123,,278,MX,DISTRITO FEDERAL,MEXICO CITY,ntpd 4.2.8@1.3265-o Tue Jun 30 03:50:38 UTC 2015 (1),0,0xdc465b2b.06dd8390,,0,0,0,3,,0,,,,-21,x86_64,127.127.1.0,0xdc465b14.ab5d2ab7,0,11.257,,,6,Linux/3.4.6,,6,0,0,Information Technology
09/02/2017 05:28,192.167.112.126,udp,123,,278,MX,DISTRITO FEDERAL,MEXICO CITY,4,0,0xDC467C76.3E989139,,0,0,0,3,,0,,,,-21,unknown,192.167.169.17,0xDC467B58.B60802AD,0,0,,,2,UNIX,,8,0,0,Information Technology
09/02/2017 04:41,192.167.112.131,udp,123,,278,MX,DISTRITO FEDERAL,MEXICO CITY,ntpd 4.2.8@1.3265-o Tue Jun 30 03:50:38 UTC 2015 (1),0,0xdc466cc3.d0e605fe,,0,0,0,3,,0,,,,-21,x86_64,127.127.1.0,0xdc466c84.44f422db,0,11.872,,,6,Linux/3.4.6,,6,0,0,Information Technology
09/02/2017 03:40,192.167.112.158,udp,123,,278,MX,DISTRITO FEDERAL,MEXICO CITY,4,0,0xDC466328.63FAB0A1,,0,0,0,3,,0,,,,-21,unknown,192.167.169.17,0xDC4653C0.2F9C2821,0,0,,,2,UNIX,,10,0,0,Information Technology
09/02/2017 04:15,192.167.112.190,udp,123,,278,MX,DISTRITO FEDERAL,MEXICO CITY,4,0,0xDC466B4E.54E337FB,,0,0,0,3,,0,,,,-21,unknown,192.167.169.17,0xDC465EDA.E4E928D4,0,0,,,2,UNIX,,9,0,0,Information Technology
09/02/2017 03:59,192.167.112.222,udp,123,,278,MX,DISTRITO FEDERAL,MEXICO CITY,4,0,0xDC466796.048CC432,,0,0,0,3,,0,,,,-21,unknown,192.167.169.17,0xDC466370.160F5B95,0,0,,,2,UNIX,,10,0,0,Information Technology
09/02/2017 03:58,192.167.113.88,udp,123,,278,MX,DISTRITO FEDERAL,MEXICO CITY,ntpd 4.2.6p3@1.2290 Thu Jul 11 06:40:46 UTC 2013 (1),0,0xdc46332c.a03b92ea,,0,0,3,3,,0,,,,-20,armv7l,INIT,0x00000000.00000000,0,57633.675,,,16,Linux/3.0.8,,3,0,0,Information Technology
09/02/2017 05:40,192.167.119.130,udp,123,,278,MX,DISTRITO FEDERAL,MEXICO CITY,,,0xbf60f736.c72378ab,,0,0,3,,,,0,,6,-18,,0.0.0.0,0x00000000.00000000,0,0,0,0,16,,,,0,0,Information Technology
09/02/2017 04:01,192.167.119.131,udp,123,,278,MX,DISTRITO FEDERAL,MEXICO CITY,,,0xbcd2e923.f51eb851,,0,0,3,,,,0,,6,-18,,0.0.0.0,0x00000000.00000000,0,0,0,0,16,,,,0,0,Information Technology
09/02/2017 05:41,192.167.119.133,udp,123,,278,MX,DISTRITO FEDERAL,MEXICO CITY,,,0xbcbdcfe9.16bca537,,0,0,3,,,,0,,6,-18,,0.0.0.0,0x00000000.00000000,0,0,0,0,16,,,,0,0,Information Technology
09/02/2017 03:15,192.167.119.134,udp,123,,278,MX,DISTRITO FEDERAL,MEXICO CITY,,,0xbcebcea1.1ad45e91,,0,0,3,,,,0,,6,-18,,0.0.0.0,0x00000000.00000000,0,0,0,0,16,,,,0,0,Information Technology
09/02/2017 04:18,192.167.119.137,udp,123,,278,MX,DISTRITO FEDERAL,MEXICO CITY,,,0xbf60e472.0461f9f0,,0,0,3,,,,0,,6,-18,,0.0.0.0,0x00000000.00000000,0,0,0,0,16,,,,0,0,Information Technology
09/02/2017 03:34,192.167.119.138,udp,123,,278,MX,DISTRITO FEDERAL,MEXICO CITY,,,0xbcebe0b1.8ff65dbf,,0,0,3,,,,0,,6,-18,,0.0.0.0,0x00000000.00000000,0,0,0,0,16,,,,0,0,Information Technology
09/02/2017 03:48,192.167.119.139,udp,123,,278,MX,DISTRITO FEDERAL,MEXICO CITY,,,0xbccedf27.4cd7add1,,0,0,3,,,,0,,6,-18,,0.0.0.0,0x00000000.00000000,0,0,0,0,16,,,,0,0,Information Technology
09/02/2017 05:10,192.167.122.124,udp,123,,278,MX,DISTRITO FEDERAL,MEXICO CITY,,,0xbcebdd4e.df5ce182,,0,0,3,,,,0,,6,-18,,0.0.0.0,0x00000000.00000000,0,0,0,0,16,,,,0,0,Information Technology
09/02/2017 03:44,192.167.122.125,udp,123,,278,MX,DISTRITO FEDERAL,MEXICO CITY,,,0xbcd2e547.88998d04,,0,0,3,,,,0,,6,-18,,0.0.0.0,0x00000000.00000000,0,0,0,0,16,,,,0,0,Information Technology
09/02/2017 04:44,192.167.123.145,udp,123,,278,MX,DISTRITO FEDERAL,MEXICO CITY,,,0xbd8e2af5.60a9bcfd,,0,0,3,,,,0,,6,-18,,0.0.0.0,0x00000000.00000000,0,0,0,0,16,,,,0,0,Information Technology
09/02/2017 03:28,192.167.123.149,udp,123,,278,MX,DISTRITO FEDERAL,MEXICO CITY,,,0xbcbdb0b0.5f84cad5,,0,0,3,,,,0,,6,-18,,0.0.0.0,0x00000000.00000000,0,0,0,0,16,,,,0,0,Information Technology
09/02/2017 03:32,192.167.123.153,udp,123,,278,MX,DISTRITO FEDERAL,MEXICO CITY,,,0xdc46618e.aa4a9cdc,,0,0,3,,,,0,,6,-18,,0.0.0.0,0x00000000.00000000,0,0,0,0,16,,,,0,0,Information Technology
09/02/2017 04:22,192.167.123.161,udp,123,,278,MX,DISTRITO FEDERAL,MEXICO CITY,,,0xbcbdbd31.c25b317e,,0,0,3,,,,0,,6,-18,,0.0.0.0,0x00000000.00000000,0,0,0,0,16,,,,0,0,Information Technology
09/02/2017 03:39,192.167.126.250,udp,123,,278,MX,DISTRITO FEDERAL,MEXICO CITY,,,0xbcd2e404.ee1bb05f,,0,0,3,,,,0,,6,-18,,0.0.0.0,0x00000000.00000000,0,0,0,0,16,,,,0,0,Information Technology
09/02/2017 03:46,192.167.127.125,udp,123,,278,MX,DISTRITO FEDERAL,MEXICO CITY,,,0xbd8e11aa.9c589acb,,0,0,3,,,,0,,6,-18,,0.0.0.0,0x00000000.00000000,0,0,0,0,16,,,,0,0,Information Technology
09/02/2017 04:56,192.167.130.203,udp,123,,278,MX,DISTRITO FEDERAL,MEXICO CITY,,,0xbcc0f581.184d9839,,0,0,3,,,,0,,6,-18,,0.0.0.0,0x00000000.00000000,0,0,0,0,16,,,,0,0,Information Technology
09/02/2017 03:30,192.167.134.93,udp,123,,278,MX,DISTRITO FEDERAL,MEXICO CITY,4,,0xD5223763.5BF1735A,,0,0.007,3,,0.007,0,,,6,-17,unknown,INIT,0x00000000.00000000,0,99999.999,0,1,16,UNIX,,,0,0,Information Technology
09/02/2017 03:56,192.167.143.162,udp,123,,278,MX,DISTRITO FEDERAL,MEXICO CITY,,,0xdc4666fb.42722185,,11.387,6.107,0,,,,5460039,,10,-17,,192.167.169.17,0xdc4666be.248754f3,16.808,24.537,0.08,4,2,,,,0,0,Information Technology
09/02/2017 04:10,192.167.146.73,udp,123,,278,MX,DISTRITO FEDERAL,MEXICO CITY,4,,0xdc466a3d.a748abb7,,3.002,0.225,0,,0.806,-0.737,,,10,-26,unknown,192.167.169.17,0xdc466719.2ad181b0,1.815,28.117,0.027,4,2,UNIX,,,0,0,Information Technology
09/02/2017 03:23,192.167.146.165,udp,123,,278,MX,DISTRITO FEDERAL,MEXICO CITY,,,0xDC465F19.312DC053,0.08,9.23,,0,,,,50812,,6,,,192.167.169.17,0xDC465F18.D890DE3D,0.64,0.47,,,2,cisco,,,0,0,Information Technology
09/02/2017 04:22,192.167.148.254,udp,123,,278,MX,DISTRITO FEDERAL,MEXICO CITY,4,3,0xDC466D0D.F1BD65C7,,3,0,0,3,,3,,,,-22,unknown,192.167.169.17,0xDC466CD7.25E5AEC4,3,3,,,2,UNIX,,6,0,0,Information Technology
09/02/2017 03:53,192.167.151.233,udp,123,,278,MX,DISTRITO FEDERAL,MEXICO CITY,,,0xDC46664E.27B5658C,0.17,233.22,,0,,,,48211,,10,,,192.167.169.17,0xDC4663E9.5E275610,5.95,0.55,,,2,cisco,,,0,0,Information Technology
09/02/2017 05:52,192.167.151.237,udp,123,,278,MX,DISTRITO FEDERAL,MEXICO CITY,,,0xDC46820B.1DFB7091,1.16,76.35,,0,,,,39146,,9,,,192.168.62.11,0xDC4681CC.80563D95,12.31,6.48,,,3,cisco,,,0,0,Information Technology
09/02/2017 03:16,192.167.151.238,udp,123,,278,MX,DISTRITO FEDERAL,MEXICO CITY,4,0,0xDC465D96.A9F15157,,0,0,0,3,,0,,,,-21,unknown,192.167.169.17,0xDC465D87.29274783,0,0,,,2,UNIX,,6,0,0,Information Technology
09/02/2017 03:54,192.167.155.254,udp,123,,278,MX,DISTRITO FEDERAL,MEXICO CITY,4,,0xDC466665.1B4F1125,,-5.274,0.065,0,,0.276,-0.328,,,10,-24,unknown,192.167.169.17,0xDC46652A.39FBDFA1,24.158,20.372,0.01,4,2,UNIX,,,0,0,Information Technology
09/02/2017 05:31,192.167.159.254,udp,123,,278,MX,DISTRITO FEDERAL,MEXICO CITY,4,,0xDC4607C2.FEB854A8,,0,0,3,,0,0,,,6,-6,unknown,INIT,0x00000000.00000000,0,0,0,1,16,UNIX,,,0,0,Information Technology
09/02/2017 04:09,192.167.160.1,udp,123,,278,MX,DISTRITO FEDERAL,MEXICO CITY,,,0xDC4669E1.E40EF972,0.02,0,,0,,,,38908,,6,,,127.127.7.1,0xDC4669AD.DB11895D,0,0.02,,,8,cisco,,,0,0,Information Technology
09/02/2017 04:31,192.167.160.22,udp,123,,278,MX,DISTRITO FEDERAL,MEXICO CITY,,,0xDC466EEF.308C608E,0.02,0,,0,,,,38908,,6,,,127.127.7.1,0xDC466EED.DD10BAF6,0,0.02,,,8,cisco,,,0,0,Information Technology
09/02/2017 04:38,192.167.160.24,udp,123,,278,MX,DISTRITO FEDERAL,MEXICO CITY,,,0xDC467081.7F279D80,0.02,0,,0,,,,38908,,6,,,127.127.7.1,0xDC46706D.DDA35846,0,0.02,,,8,cisco,,,0,0,Information Technology
09/02/2017 03:23,192.167.160.62,udp,123,,278,MX,DISTRITO FEDERAL,MEXICO CITY,,,0xDC465F20.85F92CF7,0.02,0,,0,,,,38908,,6,,,127.127.7.1,0xDC465EED.D6F96C7A,0,0.02,,,8,cisco,,,0,0,Information Technology
09/02/2017 04:07,192.167.160.94,udp,123,,278,MX,DISTRITO FEDERAL,MEXICO CITY,,,0xDC46695A.5F877415,0.02,0,,0,,,,38908,,6,,,127.127.7.1,0xDC46692D.DB30ECC0,0,0.02,,,8,cisco,,,0,0,Information Technology
09/02/2017 03:47,192.167.160.126,udp,123,,278,MX,DISTRITO FEDERAL,MEXICO CITY,,,0xDC4664BC.5D64E3B1,0.02,0,,0,,,,38908,,6,,,127.127.7.1,0xDC4664AD.D92BE1A7,0,0.02,,,8,cisco,,,0,0,Information Technology
09/02/2017 03:32,192.167.164.133,udp,123,,278,MX,DISTRITO FEDERAL,MEXICO CITY,4,3,0xDC465864.E00E4928,,3,0,3,3,,3,,,,-21,unknown,4s,0x00000000.00000000,3,3,,,16,UNIX,,3,0,0,Information Technology
09/02/2017 05:04,192.167.167.62,udp,123,,278,MX,DISTRITO FEDERAL,MEXICO CITY,,,0xDC46769E.22278787,0.02,0,,0,,,,38908,,6,,,127.127.7.1,0xDC46766D.DFEBDE66,0,0.02,,,8,cisco,,,0,0,Information Technology
09/02/2017 05:53,192.167.167.126,udp,123,,278,MX,DISTRITO FEDERAL,MEXICO CITY,,,0xDC46822C.BCFF0F0D,0.02,0,,0,,,,38908,,6,,,127.127.7.1,0xDC4681ED.E45A0A33,0,0.02,,,8,cisco,,,0,0,Information Technology
09/02/2017 04:33,192.167.169.123,udp,123,,278,MX,DISTRITO FEDERAL,MEXICO CITY,,,0xB1A18D91.7E95F1DA,0,0,,3,,,,0,,4,,,0.0.0.0,0x00000000.00000000,0,0,,,16,cisco,,,0,0,Information Technology
09/02/2017 04:10,192.167.174.129,udp,123,,278,MX,DISTRITO FEDERAL,MEXICO CITY,,,0xDC466A33.867B4517,0.89,6.7,,0,,,,8618,,10,,,192.167.169.17,0xDC466902.474E42A5,1.05,4.09,,,2,cisco,,,0,0,Information Technology
09/02/2017 05:30,192.167.174.165,udp,123,,278,MX,DISTRITO FEDERAL,MEXICO CITY,,,0xDC467D0C.9740ADA9,0.31,14.57,,0,,,,57542,,6,,,192.167.169.17,0xDC467CDB.3363958E,1.45,0.98,,,2,cisco,,,0,0,Information Technology
09/02/2017 04:11,192.167.176.253,udp,123,,278,MX,DISTRITO FEDERAL,MEXICO CITY,4,,0xDC466A87.41F211C6,,0,0,3,,0,0,,,6,-17,unknown,INIT,0xD7099835.5612300E,0,0,0,4,16,UNIX,,,0,0,Information Technology
09/02/2017 03:31,192.167.185.254,udp,123,,278,MX,DISTRITO FEDERAL,MEXICO CITY,4,0,0xDC46610E.F2717B7C,,0,0,0,3,,0,,,,-21,unknown,192.167.169.17,0xDC464A69.592A635D,0,0,,,2,UNIX,,10,0,0,Information Technology
09/02/2017 05:41,192.167.186.254,udp,123,,278,MX,DISTRITO FEDERAL,MEXICO CITY,4,0,0xDC467F96.C0C4B5D2,,0,0,0,3,,0,,,,-21,unknown,192.167.169.17,0xDC466DD4.65B89BEC,0,0,,,2,UNIX,,10,0,0,Information Technology
09/02/2017 03:17,192.167.200.94,udp,123,,278,MX,DISTRITO FEDERAL,MEXICO CITY,4,,0xDC45F621.4D916948,,0,0,3,,0,0,,,6,-6,unknown,INIT,0x00000000.00000000,0,0,0,1,16,UNIX,,,0,0,Information Technology
09/02/2017 03:17,192.167.210.174,udp,123,,278,MX,DISTRITO FEDERAL,MEXICO CITY,4,,0xDC45E860.79DB2420,,0,0,3,,0,0,,,6,-6,unknown,INIT,0x00000000.00000000,0,0,0,1,16,UNIX,,,0,0,Information Technology
09/02/2017 04:35,192.167.217.50,udp,123,,278,MX,DISTRITO FEDERAL,MEXICO CITY,,,,,,,,,,,,,,,,,,,,,,,,,,0,0,Information Technology
09/02/2017 05:55,192.167.220.251,udp,123,,278,MX,DISTRITO FEDERAL,MEXICO CITY,4,,0xDC4682E7.204EFB88,,0,0,0,,0,0,,,8,-17,unknown,192.167.169.17,0xDC468127.FC3EFC14,0,0,0,4,2,UNIX,,,0,0,Information Technology
09/02/2017 04:57,192.167.220.252,udp,123,,278,MX,DISTRITO FEDERAL,MEXICO CITY,,,0xDC467521.2DA3A473,0.4,-15.37,,0,,,,46126,,7,,,192.167.169.17,0xDC4674BB.67050DF9,0.66,1.16,,,2,cisco,,,0,0,Information Technology
09/02/2017 04:14,192.167.244.129,udp,123,,278,MX,DISTRITO FEDERAL,MEXICO CITY,,,0xDC466AE8.18DC75A2,0.43,15.14,,3,,,,0,,6,,,192.167.251.245,0xDB8FF9B7.6AB34C26,2.12,31.37,,,16,cisco,,,0,0,Information Technology
09/02/2017 03:20,192.167.244.141,udp,123,,278,MX,DISTRITO FEDERAL,MEXICO CITY,,,0xDC465E5B.05561B77,0.95,16.97,,3,,,,0,,6,,,192.167.251.245,0xDB8FF999.4332B568,3.56,31.62,,,16,cisco,,,0,0,Information Technology
09/02/2017 03:41,192.167.244.149,udp,123,,278,MX,DISTRITO FEDERAL,MEXICO CITY,,,0xAF3DD1C8.3D194E0A,0,0,,3,,,,0,,4,,,0.0.0.0,0x00000000.00000000,0,0,,,16,cisco,,,0,0,Information Technology
09/02/2017 04:01,192.167.244.161,udp,123,,278,MX,DISTRITO FEDERAL,MEXICO CITY,,,0xAF7FBE66.D33F8926,0,0,,3,,,,0,,4,,,0.0.0.0,0x00000000.00000000,0,0,,,16,cisco,,,0,0,Information Technology
09/02/2017 05:21,192.167.252.5,udp,123,,278,MX,DISTRITO FEDERAL,MEXICO CITY,,,0xAFEA2FF2.582A9E1E,0,0,,3,,,,0,,4,,,0.0.0.0,0x00000000.00000000,0,0,,,16,cisco,,,0,0,Information Technology
09/02/2017 05:34,192.167.252.22,udp,123,,278,MX,DISTRITO FEDERAL,MEXICO CITY,4,0,0xDC467DCC.9081F3DA,,0,0,0,3,,0,,,,-18,unknown,192.167.169.17,0xDC467DBC.DE2AE760,0,0,,,2,UNIX,,6,0,0,Information Technology
09/02/2017 03:59,192.167.252.26,udp,123,,278,MX,DISTRITO FEDERAL,MEXICO CITY,4,0,0xDC46678A.8148A109,,0,0,0,3,,0,,,,-18,unknown,192.167.169.17,0xDC466369.5B02713C,0,0,,,2,UNIX,,10,0,0,Information Technology
09/02/2017 04:10,192.167.252.34,udp,123,,278,MX,DISTRITO FEDERAL,MEXICO CITY,4,,0xDC466A2D.6CF880D2,,-0.109,0.623,0,,0.281,-1.183,,,9,-24,unknown,192.167.169.17,0xDC466660.20D8E147,0.566,29.792,0.001,4,2,UNIX,,,0,0,Information Technology
09/02/2017 03:26,192.167.252.38,udp,123,,278,MX,DISTRITO FEDERAL,MEXICO CITY,4,,0xdc465fd7.b05084d2,,4.952,1.392,0,,1.081,-0.432,,,10,-10,unknown,192.167.169.17,0xdc465dcb.889c0702,0.977,25.827,0.036,4,2,UNIX,,,0,0,Information Technology
09/02/2017 04:18,192.167.252.42,udp,123,,278,MX,DISTRITO FEDERAL,MEXICO CITY,4,0,0xDC466C33.0C806802,,0,0,0,3,,0,,,,-21,unknown,192.167.169.17,0xDC465949.0ECF8DE7,0,0,,,2,UNIX,,10,0,0,Information Technology
09/02/2017 04:45,192.167.252.46,udp,123,,278,MX,DISTRITO FEDERAL,MEXICO CITY,4,0,0xDC46724D.AC08964E,,0,0,0,3,,0,,,,-21,unknown,192.167.169.17,0xDC4659C5.51E6A865,0,0,,,2,UNIX,,10,0,0,Information Technology
09/02/2017 03:18,192.167.252.85,udp,123,,278,MX,DISTRITO FEDERAL,MEXICO CITY,,,0xdc4605c2.aba02fb5,,0,0,3,,,,0,,6,-17,,0.0.0.0,0x00000000.00000000,0,0,0,0,16,,,,0,0,Information Technology
09/02/2017 03:47,192.167.252.97,udp,123,,278,MX,DISTRITO FEDERAL,MEXICO CITY,4,,0xDC4664CF.A0A7E78C,,0,0,0,,0,0,,,10,-17,unknown,192.167.169.17,0xDC46642D.2E88C5CC,0,0,0,4,2,UNIX,,,0,0,Information Technology
09/02/2017 05:03,192.167.252.137,udp,123,,278,MX,DISTRITO FEDERAL,MEXICO CITY,4,0,0xDC46773D.C56302D9,,0,0,3,3,,0,,,,-21,unknown,INIT,0x00000000.00000000,0,0,,,16,UNIX,,3,0,0,Information Technology
09/02/2017 03:19,192.167.252.145,udp,123,,278,MX,DISTRITO FEDERAL,MEXICO CITY,4,,0xDC465E54.D8018B6B,,0,0,0,,0,0,,,10,-17,unknown,192.167.169.17,0xDC465BC2.E22ED20D,0,0,0,4,2,UNIX,,,0,0,Information Technology
09/02/2017 03:56,192.167.253.20,udp,123,,278,MX,DISTRITO FEDERAL,MEXICO CITY,4,,0xDC4666C4.969C5B49,,0,0,3,,0,0,,,6,-17,unknown,STEP,0xD70996BE.F8B72BA0,0,0,0,4,16,UNIX,,,0,0,Information Technology
09/02/2017 03:52,192.167.253.101,udp,123,,278,MX,DISTRITO FEDERAL,MEXICO CITY,,,0xB16F3F5A.BCC85587,0,0,,3,,,,0,,4,,,0.0.0.0,0x00000000.00000000,0,0,,,16,cisco,,,0,0,Information Technology
09/02/2017 04:41,192.168.3.254,udp,123,,278,MX,DISTRITO FEDERAL,MEXICO CITY,4,,0xDC46716C.A54279CA,,0,0,0,,0,0,,,10,-6,unknown,192.167.169.17,0xDC4670FF.567B2D00,0,0,0,4,2,UNIX,,,0,0,Information Technology
09/02/2017 04:02,192.168.14.104,udp,123,,278,MX,DISTRITO FEDERAL,MEXICO CITY,,,,,,,,,,,,,,,,,,,,,,,,,,0,0,Information Technology
09/02/2017 04:37,192.168.18.73,udp,123,,278,MX,DISTRITO FEDERAL,MEXICO CITY,,,,,,,,,,,,,,,,,,,,,,,,,,0,0,Information Technology
09/02/2017 04:31,192.168.32.2,udp,123,,278,MX,DISTRITO FEDERAL,MEXICO CITY,ntpd 4.1.0 Mon Mar 25 23:39:47 UTC 2002 (2),,0xdc466f1f.c8181e03,,-48.57,1.274,0,,,-2.668,,,10,-16,i686,129.6.15.28,0xdc466c3f.7a147ae1,122.635,89.241,0.009,4,2,Linux2.4.18-bf2.4,,,0,0,Information Technology
09/02/2017 03:45,192.168.32.254,udp,123,,278,MX,DISTRITO FEDERAL,MEXICO CITY,4,,0xDC45FCB0.0978D518,,0,0,3,,0,0,,,6,-6,unknown,INIT,0x00000000.00000000,0,0,0,1,16,UNIX,,,0,0,Information Technology
09/02/2017 05:32,192.168.34.17,udp,123,,278,MX,DISTRITO FEDERAL,MEXICO CITY,,,0xdc467fc4.62daa000,2.15,-99999.999,,0,,,,0,,6,,,192.168.34.176,0xdb99a985.33a36000,0.26,16009.75,,,16,SunOS,,,0,0,Information Technology
09/02/2017 05:22,192.168.43.11,udp,766,,278,MX,DISTRITO FEDERAL,MEXICO CITY,ntpd 4.1.1a@1.791 Wed Feb  5 17:54:41 PST 2003 (42),,0xdc46b5a8.a66665f6,,0,15.625,3,,,0,,,4,-6,UltraSparc-IIe,0.0.0.0,0x00000000.00000000,0,0,0,0,16,sparcv9-wrs-vxworks,,,0,0,Information Technology
09/02/2017 04:03,192.168.45.206,udp,123,,278,MX,DISTRITO FEDERAL,MEXICO CITY,ntpd 4.1.1a@1.791 Wed Feb  5 17:54:41 PST 2003 (42),,0xbe20e714.733332e5,,0,15.625,3,,,0,,,4,-6,UltraSparc-IIe,0.0.0.0,0x00000000.00000000,0,0,0,0,16,sparcv9-wrs-vxworks,,,0,0,Information Technology
09/02/2017 03:29,192.168.47.212,udp,123,,278,MX,DISTRITO FEDERAL,MEXICO CITY,ntpd 4.2.6p3@1.2290 Thu Jul 11 06:40:46 UTC 2013 (1),0,0xdc461960.8ce9a4b6,,0,0,3,3,,0,,,,-20,armv7l,INIT,0x00000000.00000000,0,12135.225,,,16,Linux/3.0.8,,3,0,0,Information Technology
09/02/2017 03:14,192.168.50.126,udp,123,,278,MX,DISTRITO FEDERAL,MEXICO CITY,4,3,0xDC465D1C.BBD0986A,,3,0,0,3,,3,,,,-22,unknown,192.167.169.17,0xDC465CF4.1B50C5B6,3,3,,,2,UNIX,,6,0,0,Information Technology
09/02/2017 03:44,192.168.54.78,udp,123,,278,MX,DISTRITO FEDERAL,MEXICO CITY,ntpd 4.2.8p4@1.3265-o Mon Oct 26 14:31:39 UTC 2015 (1),0.122,0xdc466412.73d83007,,55.753,0,0,3,,-0.773,,,,-21,i386,192.36.143.130,0xdc465e03.d2d1bb56,188.209,33.825,,,2,FreeBSD/10.1-RELEASE-p25,,9,0,0,Information Technology
09/02/2017 03:59,192.168.58.53,udp,123,,278,MX,DISTRITO FEDERAL,MEXICO CITY,,,0xc08238f7.4af5989d,,0,0,3,,,,0,,6,-18,,0.0.0.0,0x00000000.00000000,0,0,0,0,16,,,,0,0,Information Technology
09/02/2017 04:49,192.168.58.221,udp,123,,278,MX,DISTRITO FEDERAL,MEXICO CITY,,,0xdc467266.7ac54000,0,0,,3,,,,0,,4,,,0.0.0.0,0x00000000.00000000,0,0,,,16,SunOS,,,0,0,Information Technology
09/02/2017 04:11,192.168.60.120,udp,123,,278,MX,DISTRITO FEDERAL,MEXICO CITY,,,,,,,,,,,,,,,,,,,,,,,,,,0,0,Information Technology
09/02/2017 05:41,192.168.62.11,udp,123,,278,MX,DISTRITO FEDERAL,MEXICO CITY,4,3,0xDC467F9E.959DE133,,3,0,0,3,,3,,,,-22,unknown,192.167.169.17,0xDC467F87.317ED56F,3,3,,,2,UNIX,,6,0,0,Information Technology
09/02/2017 05:18,192.168.62.30,udp,123,,278,MX,DISTRITO FEDERAL,MEXICO CITY,4,3,0xDC467A35.17F75A84,,3,0,0,3,,3,,,,-22,unknown,192.167.169.17,0xDC467A28.2E09060A,3,3,,,2,UNIX,,6,0,0,Information Technology
09/02/2017 03:49,192.168.62.142,udp,123,,278,MX,DISTRITO FEDERAL,MEXICO CITY,4,3,0xDC466545.7DECA28B,,3,0,0,3,,3,,,,-22,unknown,192.167.169.17,0xDC466526.20C262BA,3,3,,,2,UNIX,,6,0,0,Information Technology
09/02/2017 04:41,192.168.62.174,udp,123,,278,MX,DISTRITO FEDERAL,MEXICO CITY,4,3,0xDC46717B.79D5CA38,,3,0,0,3,,3,,,,-22,unknown,192.167.169.17,0xDC467173.291B736C,3,3,,,2,UNIX,,6,0,0,Information Technology
09/02/2017 04:37,192.168.62.190,udp,123,,278,MX,DISTRITO FEDERAL,MEXICO CITY,4,3,0xDC467072.AB0122B8,,3,0,0,3,,3,,,,-22,unknown,192.167.169.17,0xDC46702D.285140B8,3,3,,,2,UNIX,,6,0,0,Information Technology
09/02/2017 05:55,192.168.71.200,udp,123,,278,MX,DISTRITO FEDERAL,MEXICO CITY,4,,0xDC4682E0.6BB16DF4,,0,0,0,,0,0,,,10,-17,unknown,192.167.169.17,0xDC468111.49A04B0E,0,0,0,4,2,UNIX,,,0,0,Information Technology
09/02/2017 04:45,192.168.79.237,udp,123,,278,MX,DISTRITO FEDERAL,MEXICO CITY,,,,,,,,,,,,,,,,,,,,,,,,,,0,0,Information Technology
09/02/2017 03:25,192.168.83.57,udp,123,,278,MX,DISTRITO FEDERAL,MEXICO CITY,4,,0xDC465FA8.1C4EE8D2,,0,0,0,,0,0,,,10,-17,unknown,192.167.169.17,0xDC465EAB.7D9BDE0B,0,0,0,4,2,UNIX,,,0,0,Information Technology
09/02/2017 05:55,192.168.83.91,udp,123,,278,MX,DISTRITO FEDERAL,MEXICO CITY,4,,0xAF88BC28.FCD7D65E,,0,0,3,,0,0,,,6,-17,unknown,INIT,0x00000000.00000000,0,0,0,1,16,UNIX,,,0,0,Information Technology
09/02/2017 03:31,192.168.87.173,udp,123,,278,MX,DISTRITO FEDERAL,MEXICO CITY,,,,,,,,,,,,,,,,,,,,,,,,,,0,0,Information Technology
09/02/2017 05:22,192.168.89.96,udp,123,,278,MX,DISTRITO FEDERAL,MEXICO CITY,,,0xbcb4e0e6.d5a57646,,0,0,3,,,,0,,6,-18,,0.0.0.0,0x00000000.00000000,0,0,0,0,16,,,,0,0,Information Technology
09/02/2017 04:08,192.168.89.98,udp,123,,278,MX,DISTRITO FEDERAL,MEXICO CITY,,,0xbcb4cfb0.1dfd5885,,0,0,3,,,,0,,6,-18,,0.0.0.0,0x00000000.00000000,0,0,0,0,16,,,,0,0,Information Technology
09/02/2017 04:49,192.168.102.253,udp,123,,278,MX,DISTRITO FEDERAL,MEXICO CITY,,,0xdc46235c.1298eda2,,0,0,3,,,,0,,6,-18,,0.0.0.0,0x00000000.00000000,0,0,0,0,16,,,,0,0,Information Technology
09/02/2017 04:06,192.168.114.118,udp,123,,278,MX,DISTRITO FEDERAL,MEXICO CITY,ntpd 4.2.6p3@1.2290 Tue Jan 15 08:45:06 UTC 2013 (1),0,0xdc461407.80209543,,0,0,3,3,,0,,,,-21,armv7l,INIT,0x00000000.00000000,0,63837.39,,,16,Linux/3.0.8,,3,0,0,Information Technology
09/02/2017 03:33,192.168.120.110,udp,123,,278,MX,DISTRITO FEDERAL,MEXICO CITY,,,0xDC46618E.EE207647,2.93,5.95,,0,,,,8618,,10,,,192.167.169.17,0xDC466102.55946929,1.42,6.27,,,2,cisco,,,0,0,Information Technology
09/02/2017 03:25,192.168.121.254,udp,123,,278,MX,DISTRITO FEDERAL,MEXICO CITY,4,0,0xDC465FAD.B30B7698,,0,0,0,3,,0,,,,-21,unknown,192.167.169.17,0xDC465C6B.4014CA11,0,0,,,2,UNIX,,9,0,0,Information Technology
09/02/2017 04:46,192.168.129.61,udp,123,,278,MX,DISTRITO FEDERAL,MEXICO CITY,4,,0xB171B705.DABC6172,,0,0,3,,0,0,,,6,-17,unknown,INIT,0x00000000.00000000,0,0,0,1,16,UNIX,,,0,0,Information Technology
09/02/2017 03:52,192.168.136.100,udp,123,,278,MX,DISTRITO FEDERAL,MEXICO CITY,,,0xDC466602.151E1357,0.64,-19.73,,0,,,,22578,,7,,,192.167.169.17,0xDC466577.2329DC2B,2.3,2.87,,,2,cisco,,,0,0,Information Technology
09/02/2017 04:34,192.168.136.153,udp,123,,278,MX,DISTRITO FEDERAL,MEXICO CITY,4,,0xDC466FE2.F1B70B43,,0,0,0,,0,0,,,10,-6,unknown,192.167.169.17,0xDC466FBC.D4ACEB8E,0,0,0,4,2,UNIX,,,0,0,Information Technology
09/02/2017 03:47,192.168.136.247,udp,123,,278,MX,DISTRITO FEDERAL,MEXICO CITY,,,0xDC4664DB.AABAA57F,0.81,7.55,,0,,,,7355,,10,,,192.167.169.17,0xDC46640E.D2D5A820,0.6,1.25,,,2,cisco,,,0,0,Information Technology
09/02/2017 04:56,192.168.137.178,udp,123,,278,MX,DISTRITO FEDERAL,MEXICO CITY,4,,0xDC468249.D0728B09,,0,0,3,,0,0,,,6,-17,unknown,INIT,0x00000000.00000000,0,0,0,1,16,UNIX,,,0,0,Information Technology
09/02/2017 03:36,192.168.137.187,udp,123,,278,MX,DISTRITO FEDERAL,MEXICO CITY,4,,0xDC466226.4DBD9246,,0,0,0,,0,0,,,10,-17,unknown,192.167.169.17,0xDC466070.F27FEE5E,0,0,0,4,2,UNIX,,,0,0,Information Technology
09/02/2017 03:17,192.168.138.42,udp,123,,278,MX,DISTRITO FEDERAL,MEXICO CITY,,,,,,,,,,,,,,,,,,,,,,,,,,0,0,Information Technology
09/02/2017 03:23,192.168.144.254,udp,123,,278,MX,DISTRITO FEDERAL,MEXICO CITY,4,,0xDC45E9BB.522D0F38,,0,0,3,,0,0,,,6,-6,unknown,INIT,0x00000000.00000000,0,0,0,1,16,UNIX,,,0,0,Information Technology
09/02/2017 03:21,192.168.146.254,udp,123,,278,MX,DISTRITO FEDERAL,MEXICO CITY,4,0,0xDC46592D.0464D64E,,0,0,3,3,,0,,,,-21,unknown,INIT,0x00000000.00000000,0,0,,,16,UNIX,,3,0,0,Information Technology
09/02/2017 05:19,192.168.147.5,udp,123,,278,MX,DISTRITO FEDERAL,MEXICO CITY,ntpd 4.1.1a@1.791 Wed Feb  5 17:54:41 PST 2003 (42),,0xbcf0d39d.511110da,,0,15.625,3,,,0,,,4,-6,UltraSparc-IIe,0.0.0.0,0x00000000.00000000,0,0,0,0,16,sparcv9-wrs-vxworks,,,0,0,Information Technology
09/02/2017 04:07,192.168.147.28,udp,123,,278,MX,DISTRITO FEDERAL,MEXICO CITY,ntpd 4.1.1a@1.791 Wed Feb  5 17:54:41 PST 2003 (42),,0xbe8c4f92.2222220b,,0,15.625,3,,,0,,,4,-6,UltraSparc-IIe,0.0.0.0,0x00000000.00000000,0,0,0,0,16,sparcv9-wrs-vxworks,,,0,0,Information Technology
09/02/2017 03:41,192.168.147.33,udp,123,,278,MX,DISTRITO FEDERAL,MEXICO CITY,ntpd 4.1.1a@1.791 Wed Feb  5 17:54:41 PST 2003 (42),,0xbd2c16e3.37777752,,0,15.625,3,,,0,,,4,-6,UltraSparc-IIe,0.0.0.0,0x00000000.00000000,0,0,0,0,16,sparcv9-wrs-vxworks,,,0,0,Information Technology
09/02/2017 04:52,192.168.147.36,udp,123,,278,MX,DISTRITO FEDERAL,MEXICO CITY,ntpd 4.1.1a@1.791 Wed Feb  5 17:54:41 PST 2003 (42),,0xbf0ffd5e.2666664c,,0,15.625,3,,,0,,,4,-6,UltraSparc-IIe,0.0.0.0,0x00000000.00000000,0,0,0,0,16,sparcv9-wrs-vxworks,,,0,0,Information Technology
09/02/2017 04:24,192.168.150.253,udp,123,,278,MX,DISTRITO FEDERAL,MEXICO CITY,4,,0xDC466CCB.D325FCF0,,0,0,3,,0,0,,,6,-17,unknown,INIT,0xD709984E.D06167D1,0,0,0,4,16,UNIX,,,0,0,Information Technology
09/02/2017 05:16,192.168.161.197,udp,123,,278,MX,DISTRITO FEDERAL,MEXICO CITY,4,,0xDC460450.9B22D290,,0,0,3,,0,0,,,6,-6,unknown,INIT,0x00000000.00000000,0,0,0,1,16,UNIX,,,0,0,Information Technology
09/02/2017 05:50,192.168.163.62,udp,123,,278,MX,DISTRITO FEDERAL,MEXICO CITY,4,,0xDC468193.2E3FF1F2,,-5.283,0.356,0,,0.28,-0.286,,,10,-24,unknown,192.167.169.17,0xDC46812D.3030B563,24.159,17.345,0.009,4,2,UNIX,,,0,0,Information Technology
09/02/2017 04:08,192.168.164.20,udp,123,,278,MX,DISTRITO FEDERAL,MEXICO CITY,,,,,,,,,,,,,,,,,,,,,,,,,,0,0,Information Technology
09/02/2017 06:00,192.168.168.32,udp,123,,278,MX,DISTRITO FEDERAL,MEXICO CITY,4,,0xDC4683E3.79F76551,,0,0,0,,0,0,,,10,-17,unknown,192.167.169.17,0xDC467F7D.38A90732,0,0,0,4,2,UNIX,,,0,0,Information Technology
09/02/2017 03:25,192.168.178.2,udp,123,,278,MX,DISTRITO FEDERAL,MEXICO CITY,,,,,,,,,,,,,,,,,,,,,,,,,,0,0,Information Technology
09/02/2017 05:45,192.168.182.21,udp,123,,278,MX,DISTRITO FEDERAL,MEXICO CITY,,,0xdc46805e.de8d4000,0.11,27345.08,,0,,,,18852,,10,,,200.23.51.102,0xdc467f2a.d020a000,37.26,10.44,,,2,SunOS,,,0,0,Information Technology
09/02/2017 05:52,192.168.188.12,udp,123,,278,MX,DISTRITO FEDERAL,MEXICO CITY,,,,,,,,,,,,,,,,,,,,,,,,,,0,0,Information Technology
09/02/2017 03:27,192.168.189.241,udp,123,,278,MX,DISTRITO FEDERAL,MEXICO CITY,ntpd 4.1.1c-rc1@1.836 Tue Sep 30 17:07:58 PDT 2008 (20),,0xdc466012.bd26a65c,,17.187,6.134,0,,,2.142,,,6,-16,ppc,GPS,0xdc466007.ffb05fae,0,7.248,0.285,4,1,Linux2.4.19-rc2-rthal5,,,0,0,Information Technology
09/02/2017 03:58,192.168.190.20,udp,123,,278,MX,DISTRITO FEDERAL,MEXICO CITY,4,,0xDC466782.7421ACA0,,0,0,0,,0,0,,,10,-17,unknown,192.167.169.17,0xDC466743.93A01A13,0,0,0,4,2,UNIX,,,0,0,Information Technology
09/02/2017 03:45,192.168.190.102,udp,123,,278,MX,DISTRITO FEDERAL,MEXICO CITY,4,,0xDC46643C.F416FE5D,,0,0,0,,0,0,,,10,-17,unknown,192.167.169.17,0xDC466203.DF91798F,0,0,0,4,2,UNIX,,,0,0,Information Technology
09/02/2017 03:43,192.168.190.124,udp,123,,278,MX,DISTRITO FEDERAL,MEXICO CITY,4,,0xDC4663C6.173D67E9,,0,0,3,,0,0,,,6,-17,unknown,INIT,0xD709987E.BD2895E7,0,0,0,4,16,UNIX,,,0,0,Information Technology
09/02/2017 03:55,192.168.198.59,udp,123,,278,MX,DISTRITO FEDERAL,MEXICO CITY,ntpd 4.2.0@1.1161-r Mon Oct 21 17:21:10 CST 2013 (8),,0xdc466a1e.fffd2e94,,0,0.001,0,,,0,,,6,-20,armv5tel,127.127.1.0,0xdc466a18.ddedbf8b,0,12.005,0,4,6,Linux/2.6.33.2,,,0,0,Information Technology
09/02/2017 03:53,192.168.198.220,udp,123,,278,MX,DISTRITO FEDERAL,MEXICO CITY,ntpd 4.2.8p3@1.3265-o Mon Jul  6 21:06:04 UTC 2015 (1),0.111,0xdc466621.b22c221c,,45.992,0,0,3,,-2.452,,,,-20,i386,4.53.160.75,0xdc4663cf.557011ef,93.475,52.601,,,3,FreeBSD/10.1-RELEASE-p15,,9,0,0,Information Technology
09/02/2017 05:27,192.168.200.38,udp,123,,278,MX,DISTRITO FEDERAL,MEXICO CITY,4,3,0xDC467C4B.8787AE89,,3,0,0,3,,3,,,,-22,unknown,192.167.169.17,0xDC467C2F.2F770414,3,3,,,2,UNIX,,6,0,0,Information Technology
09/02/2017 03:54,192.168.200.78,udp,123,,278,MX,DISTRITO FEDERAL,MEXICO CITY,4,3,0xDC466685.1FB828EA,,3,0,0,3,,3,,,,-22,unknown,192.167.169.17,0xDC46666D.21A34EC8,3,3,,,2,UNIX,,6,0,0,Information Technology
09/02/2017 05:37,192.168.200.94,udp,123,,278,MX,DISTRITO FEDERAL,MEXICO CITY,4,3,0xDC467E92.53D9C339,,3,0,0,3,,3,,,,-22,unknown,192.167.169.17,0xDC467E4D.3088975B,3,3,,,2,UNIX,,10,0,0,Information Technology
09/02/2017 04:58,192.168.200.110,udp,123,,278,MX,DISTRITO FEDERAL,MEXICO CITY,4,3,0xDC467563.D2AC9FE8,,3,0,0,3,,3,,,,-22,unknown,192.167.169.17,0xDC46754A.2BAC04BC,3,3,,,2,UNIX,,6,0,0,Information Technology
09/02/2017 05:01,192.168.200.126,udp,123,,278,MX,DISTRITO FEDERAL,MEXICO CITY,4,3,0xDC467642.B289A813,,3,0,0,3,,3,,,,-22,unknown,192.167.169.17,0xDC46760F.2C368FB9,3,3,,,2,UNIX,,6,0,0,Information Technology
09/02/2017 03:15,192.168.200.142,udp,123,,278,MX,DISTRITO FEDERAL,MEXICO CITY,4,3,0xDC465D49.4823DD68,,3,0,0,3,,3,,,,-22,unknown,192.167.169.17,0xDC465D37.1B800DF2,3,3,,,2,UNIX,,6,0,0,Information Technology
09/02/2017 03:23,192.168.200.158,udp,123,,278,MX,DISTRITO FEDERAL,MEXICO CITY,4,3,0xDC465F16.ED66DCC8,,3,0,0,3,,3,,,,-22,unknown,192.167.169.17,0xDC465F03.1CDBEFE0,3,3,,,2,UNIX,,6,0,0,Information Technology
09/02/2017 05:20,192.168.200.174,udp,123,,278,MX,DISTRITO FEDERAL,MEXICO CITY,4,3,0xDC467A9A.B8095B81,,3,0,0,3,,3,,,,-22,unknown,192.167.169.17,0xDC467A68.2E3337FE,3,3,,,2,UNIX,,7,0,0,Information Technology
09/02/2017 04:33,192.168.200.190,udp,123,,278,MX,DISTRITO FEDERAL,MEXICO CITY,4,3,0xDC466F7A.1E7B74A3,,3,0,0,3,,3,,,,-22,unknown,192.167.169.17,0xDC466F68.27DA9804,3,3,,,2,UNIX,,6,0,0,Information Technology
09/02/2017 05:46,192.168.200.206,udp,123,,278,MX,DISTRITO FEDERAL,MEXICO CITY,4,3,0xDC4680B7.59B48FA7,,3,0,0,3,,3,,,,-22,unknown,192.167.169.17,0xDC468096.322A6E21,3,3,,,2,UNIX,,6,0,0,Information Technology
09/02/2017 04:12,192.168.200.222,udp,123,,278,MX,DISTRITO FEDERAL,MEXICO CITY,4,3,0xDC466ABF.FF33E922,,3,0,0,3,,3,,,,-22,unknown,192.167.169.17,0xDC466A88.248A6D05,3,3,,,2,UNIX,,6,0,0,Information Technology
09/02/2017 03:54,192.168.200.254,udp,123,,278,MX,DISTRITO FEDERAL,MEXICO CITY,4,3,0xDC46666C.566452B3,,3,0,0,3,,3,,,,-22,unknown,192.167.169.17,0xDC466629.2179FB8A,3,3,,,2,UNIX,,6,0,0,Information Technology
09/02/2017 04:28,192.168.201.62,udp,123,,278,MX,DISTRITO FEDERAL,MEXICO CITY,4,3,0xDC466E6B.A7767374,,3,0,0,3,,3,,,,-22,unknown,192.167.169.17,0xDC466E62.2714040C,3,3,,,2,UNIX,,6,0,0,Information Technology
09/02/2017 04:02,192.168.202.61,udp,123,,278,MX,DISTRITO FEDERAL,MEXICO CITY,4,,0xDC46684D.8CC173CD,,0,0,0,,0,0,,,10,-17,unknown,192.167.169.17,0xDC4665C4.9A37B608,0,0,0,4,2,UNIX,,,0,0,Information Technology
09/02/2017 05:26,192.168.204.76,udp,123,,278,MX,DISTRITO FEDERAL,MEXICO CITY,,,,,,,,,,,,,,,,,,,,,,,,,,0,0,Information Technology
09/02/2017 05:08,192.168.205.235,udp,123,,278,MX,DISTRITO FEDERAL,MEXICO CITY,,,0xDC467792.920510F2,0.02,0,,0,,,,38908,,6,,,127.127.7.1,0xDC46776D.E04E2A0E,0,0.02,,,8,cisco,,,0,0,Information Technology
09/02/2017 05:35,192.168.207.254,udp,123,,278,MX,DISTRITO FEDERAL,MEXICO CITY,4,,0xDC461697.E20C4C28,,0,0,3,,0,0,,,6,-6,unknown,INIT,0x00000000.00000000,0,0,0,1,16,UNIX,,,0,0,Information Technology
09/02/2017 03:51,192.168.214.74,udp,123,,278,MX,DISTRITO FEDERAL,MEXICO CITY,4,,0xDC4665AE.F5EE14DC,,0,0,0,,0,0,,,10,-6,unknown,192.167.169.17,0xDC466464.D15AD1EB,0,0,0,4,2,UNIX,,,0,0,Information Technology
09/02/2017 04:16,192.168.219.26,udp,123,,278,MX,DISTRITO FEDERAL,MEXICO CITY,,,,,,,,,,,,,,,,,,,,,,,,,,0,0,Information Technology
09/02/2017 04:39,192.168.235.5,udp,123,,278,MX,DISTRITO FEDERAL,MEXICO CITY,ntpd 4.2.8p8@1.3265-o Tue Jul 19 16:25:02 UTC 2016 (1),0.016,0xdc46710e.0961ca4c,,28.168,0,0,3,,0.553,,,,-22,amd64,192.36.143.130,0xdc466dc5.fcecb248,210.172,16.48,,,2,FreeBSD/10.3-RELEASE-p9,,8,0,0,Information Technology
09/02/2017 04:52,192.168.237.130,udp,123,,278,MX,DISTRITO FEDERAL,MEXICO CITY,4,,0xDC460C6D.EB020ED0,,0,0,3,,0,0,,,6,-6,unknown,INIT,0x00000000.00000000,0,0,0,1,16,UNIX,,,0,0,Information Technology
09/02/2017 05:51,192.168.240.78,udp,123,,278,MX,DISTRITO FEDERAL,MEXICO CITY,4,0,0xDC4681FA.4B818D21,,0,0,0,3,,0,,,,-21,unknown,192.167.169.17,0xDC4665B6.66E6D6AB,0,0,,,2,UNIX,,9,0,0,Information Technology
09/02/2017 04:11,192.168.243.34,udp,123,,278,MX,DISTRITO FEDERAL,MEXICO CITY,4,0,0xDC466A67.E20FDF22,,0,0,0,3,,0,,,,-21,unknown,192.167.169.17,0xDC465820.E923D6F1,0,0,,,2,UNIX,,10,0,0,Information Technology
09/02/2017 04:12,192.168.251.240,udp,123,,278,MX,DISTRITO FEDERAL,MEXICO CITY,,,,,,,,,,,,,,,,,,,,,,,,,,0,0,Information Technology
09/02/2017 03:23,192.168.253.21,udp,123,,278,MX,DISTRITO FEDERAL,MEXICO CITY,4,0,0xDC465F48.EA2AA183,,0,0,0,3,,0,,,,-21,unknown,192.167.169.17,0xDC465949.0ECF8DE7,0,0,,,2,UNIX,,10,0,0,Information Technology
09/02/2017 04:33,192.168.253.25,udp,123,,278,MX,DISTRITO FEDERAL,MEXICO CITY,4,3,0xDC466FA5.B128961D,,3,0,0,3,,3,,,,-22,unknown,192.167.169.17,0xDC466D54.B0A30AA2,3,3,,,2,UNIX,,10,0,0,Information Technology
09/02/2017 04:02,192.168.253.26,udp,123,,278,MX,DISTRITO FEDERAL,MEXICO CITY,4,0,0xDC466849.72E1AAE5,,0,0,0,3,,0,,,,-21,unknown,192.167.169.17,0xDC464DED.8260DB39,0,0,,,2,UNIX,,10,0,0,Information Technology
09/02/2017 03:36,192.168.253.37,udp,123,,278,MX,DISTRITO FEDERAL,MEXICO CITY,4,3,0xDC46624B.7993CC07,,3,0,0,3,,3,,,,-22,unknown,192.167.169.17,0xDC464C38.9A41D2B9,3,3,,,2,UNIX,,10,0,0,Information Technology
09/02/2017 04:31,192.168.253.38,udp,123,,278,MX,DISTRITO FEDERAL,MEXICO CITY,4,0,0xDC466F2C.63954FCC,,0,0,0,3,,0,,,,-21,unknown,192.167.169.17,0xDC463BC5.8F0F09F2,0,0,,,2,UNIX,,10,0,0,Information Technology
09/02/2017 04:08,192.168.253.53,udp,123,,278,MX,DISTRITO FEDERAL,MEXICO CITY,4,0,0xDC466459.8EAEF668,,0,0,3,3,,0,,,,-21,unknown,INIT,0x00000000.00000000,0,0,,,16,UNIX,,3,0,0,Information Technology
09/02/2017 03:27,192.168.253.56,udp,123,,278,MX,DISTRITO FEDERAL,MEXICO CITY,4,,0xdc46602d.614c5bb4,,4.952,1.392,0,,1.081,-0.432,,,10,-10,unknown,192.167.169.17,0xdc465dcb.889c0702,0.977,27.117,0.036,4,2,UNIX,,,0,0,Information Technology
09/02/2017 03:15,192.168.253.57,udp,123,,278,MX,DISTRITO FEDERAL,MEXICO CITY,4,,0xdc465d3f.f91222e8,,5.012,1.174,0,,1.029,0.96,,,10,-10,unknown,192.167.169.17,0xdc4659cb.81693a9a,0.977,31.475,0.031,4,2,UNIX,,,0,0,Information Technology
09/02/2017 03:45,192.168.253.59,udp,123,,278,MX,DISTRITO FEDERAL,MEXICO CITY,4,,0xdc46646f.1661d348,,4.965,0.977,0,,1.068,-0.131,,,10,-10,unknown,192.167.169.17,0xdc4661ce.9198f40a,0.977,27.301,0.033,4,2,UNIX,,,0,0,Information Technology
09/02/2017 04:47,192.168.253.73,udp,123,,278,MX,DISTRITO FEDERAL,MEXICO CITY,4,0,0xDC4672E7.3DAA54BA,,0,0,0,3,,0,,,,-21,unknown,192.167.169.17,0xDC465949.0ECF8DE7,0,0,,,2,UNIX,,10,0,0,Information Technology
09/02/2017 03:28,192.168.253.77,udp,123,,278,MX,DISTRITO FEDERAL,MEXICO CITY,4,0,0xDC466042.E5E58D2B,,0,0,0,3,,0,,,,-21,unknown,192.167.169.17,0xDC465949.0ECF8DE7,0,0,,,2,UNIX,,10,0,0,Information Technology
09/02/2017 05:29,192.168.253.81,udp,123,,278,MX,DISTRITO FEDERAL,MEXICO CITY,4,,0xDC467CA5.A50E1BE6,,0,0,0,,0,0,,,10,-6,unknown,192.167.169.17,0xDC467C6A.DF09E50A,0,0,0,4,2,UNIX,,,0,0,Information Technology
09/02/2017 03:32,192.168.253.82,udp,123,,278,MX,DISTRITO FEDERAL,MEXICO CITY,4,,0xDC46616A.7CDF1739,,0,0,0,,0,0,,,10,-6,unknown,192.167.169.17,0xDC465FF4.0685AB16,0,0,0,4,2,UNIX,,,0,0,Information Technology
09/02/2017 03:27,192.168.253.85,udp,123,,278,MX,DISTRITO FEDERAL,MEXICO CITY,4,0,0xDC46601D.F4FAEDA0,,0,0,0,3,,0,,,,-21,unknown,192.167.169.17,0xDC465949.0ECF8DE7,0,0,,,2,UNIX,,10,0,0,Information Technology
09/02/2017 04:54,192.168.253.89,udp,123,,278,MX,DISTRITO FEDERAL,MEXICO CITY,4,0,0xDC46746D.A8AB08A0,,0,0,0,3,,0,,,,-21,unknown,192.167.169.17,0xDC465949.0ECF8DE7,0,0,,,2,UNIX,,10,0,0,Information Technology
09/02/2017 03:51,192.168.253.97,udp,123,,278,MX,DISTRITO FEDERAL,MEXICO CITY,4,0,0xDC4665D5.083B29A7,,0,0,0,3,,0,,,,-21,unknown,192.167.169.17,0xDC465949.0ECF8DE7,0,0,,,2,UNIX,,10,0,0,Information Technology
09/02/2017 03:57,192.168.253.105,udp,123,,278,MX,DISTRITO FEDERAL,MEXICO CITY,4,3,0xDC466731.69EE8645,,3,0,0,3,,3,,,,-22,unknown,192.167.169.17,0xDC464C38.9A41D2B9,3,3,,,2,UNIX,,10,0,0,Information Technology
09/02/2017 04:16,192.168.253.106,udp,123,,278,MX,DISTRITO FEDERAL,MEXICO CITY,4,0,0xDC466B85.4ECDEC30,,0,0,0,3,,0,,,,-21,unknown,192.167.169.17,0xDC4653C0.2F9C2821,0,0,,,2,UNIX,,10,0,0,Information Technology
09/02/2017 05:45,192.168.253.109,udp,123,,278,MX,DISTRITO FEDERAL,MEXICO CITY,4,0,0xDC468081.882F6F88,,0,0,0,3,,0,,,,-21,unknown,192.167.169.17,0xDC465949.0ECF8DE7,0,0,,,2,UNIX,,10,0,0,Information Technology
09/02/2017 04:45,192.168.253.113,udp,123,,278,MX,DISTRITO FEDERAL,MEXICO CITY,4,3,0xDC467260.81EC633C,,3,0,0,3,,3,,,,-22,unknown,192.167.169.17,0xDC466D54.B0A30AA2,3,3,,,2,UNIX,,10,0,0,Information Technology
09/02/2017 05:30,192.168.253.114,udp,123,,278,MX,DISTRITO FEDERAL,MEXICO CITY,4,0,0xDC467CF6.FFF37032,,0,0,0,3,,0,,,,-21,unknown,192.167.169.17,0xDC467B58.B60802AD,0,0,,,2,UNIX,,8,0,0,Information Technology
09/02/2017 03:22,192.168.253.120,udp,123,,278,MX,DISTRITO FEDERAL,MEXICO CITY,4,,0xdc465f0b.53f1fcb2,,4.952,1.392,0,,1.081,-0.432,,,10,-10,unknown,192.167.169.17,0xdc465dcb.889c0702,0.977,22.767,0.036,4,2,UNIX,,,0,0,Information Technology
09/02/2017 03:23,192.168.253.121,udp,123,,278,MX,DISTRITO FEDERAL,MEXICO CITY,4,,0xdc465f37.ac0dfee0,,4.952,1.392,0,,1.081,-0.432,,,10,-10,unknown,192.167.169.17,0xdc465dcb.889c0702,0.977,23.427,0.036,4,2,UNIX,,,0,0,Information Technology
09/02/2017 03:38,192.168.253.123,udp,123,,278,MX,DISTRITO FEDERAL,MEXICO CITY,4,,0xdc4662c5.a23c060d,,4.965,0.977,0,,1.068,-0.131,,,10,-10,unknown,192.167.169.17,0xdc4661ce.9198f40a,0.977,20.926,0.033,4,2,UNIX,,,0,0,Information Technology
09/02/2017 04:03,192.168.253.125,udp,123,,278,MX,DISTRITO FEDERAL,MEXICO CITY,4,3,0xDC46687A.E97AB54E,,3,0,0,3,,3,,,,-22,unknown,192.167.169.17,0xDC464C38.9A41D2B9,3,3,,,2,UNIX,,10,0,0,Information Technology
09/02/2017 03:25,192.168.253.126,udp,123,,278,MX,DISTRITO FEDERAL,MEXICO CITY,4,0,0xDC465FB5.85805B7C,,0,0,0,3,,0,,,,-21,unknown,192.167.169.17,0xDC465EDA.E4E928D4,0,0,,,2,UNIX,,9,0,0,Information Technology
09/02/2017 03:32,192.168.253.136,udp,123,,278,MX,DISTRITO FEDERAL,MEXICO CITY,4,,0xdc466156.ac9c56fd,,4.952,1.392,0,,1.081,-0.432,,,10,-10,unknown,192.167.169.17,0xdc465dcb.889c0702,0.977,31.572,0.036,4,2,UNIX,,,0,0,Information Technology
09/02/2017 04:28,192.168.253.139,udp,123,,278,MX,DISTRITO FEDERAL,MEXICO CITY,4,,0xdc466e5d.4e3f35f5,,4.934,1.15,0,,1.061,-0.853,,,10,-10,unknown,192.167.169.17,0xdc466dd5.aa8613d1,1.855,20.225,0.033,4,2,UNIX,,,0,0,Information Technology
09/02/2017 04:23,192.168.253.141,udp,123,,278,MX,DISTRITO FEDERAL,MEXICO CITY,4,3,0xDC466D3B.8A0F9D3D,,3,0,0,3,,3,,,,-22,unknown,192.167.169.17,0xDC464C38.9A41D2B9,3,3,,,2,UNIX,,10,0,0,Information Technology
09/02/2017 05:17,192.168.253.145,udp,123,,278,MX,DISTRITO FEDERAL,MEXICO CITY,4,3,0xDC4679F7.949441EB,,3,0,0,3,,3,,,,-22,unknown,192.167.169.17,0xDC4675CC.B67859A1,3,3,,,2,UNIX,,10,0,0,Information Technology
09/02/2017 04:54,192.168.253.149,udp,123,,278,MX,DISTRITO FEDERAL,MEXICO CITY,4,3,0xDC467493.6D60BBF7,,3,0,0,3,,3,,,,-22,unknown,192.167.169.17,0xDC466D54.B0A30AA2,3,3,,,2,UNIX,,10,0,0,Information Technology
09/02/2017 03:52,192.168.253.150,udp,123,,278,MX,DISTRITO FEDERAL,MEXICO CITY,4,0,0xDC4665EF.639858AC,,0,0,0,3,,0,,,,-21,unknown,192.167.169.17,0xDC465942.BB9EC1CD,0,0,,,2,UNIX,,10,0,0,Information Technology
09/02/2017 04:32,192.168.253.161,udp,123,,278,MX,DISTRITO FEDERAL,MEXICO CITY,4,0,0xDC466F5A.C7FD2B50,,0,0,0,3,,0,,,,-21,unknown,192.167.169.17,0xDC465949.0ECF8DE7,0,0,,,2,UNIX,,10,0,0,Information Technology
09/02/2017 03:29,192.168.253.165,udp,123,,278,MX,DISTRITO FEDERAL,MEXICO CITY,4,,0xdc4660af.db082955,,4.952,1.392,0,,1.081,-0.432,,,10,-10,unknown,192.167.169.17,0xdc465dcb.889c0702,0.977,29.067,0.036,4,2,UNIX,,,0,0,Information Technology
09/02/2017 04:07,192.168.253.167,udp,123,,278,MX,DISTRITO FEDERAL,MEXICO CITY,4,,0xdc46695f.078671af,,4.985,0.977,0,,1.057,0.335,,,10,-10,unknown,192.167.169.17,0xdc4665d0.990c51d0,0.977,31.044,0.032,4,2,UNIX,,,0,0,Information Technology
09/02/2017 04:30,192.168.253.173,udp,123,,278,MX,DISTRITO FEDERAL,MEXICO CITY,4,3,0xDC466ED1.B2E68DAF,,3,0,0,3,,3,,,,-22,unknown,192.167.169.17,0xDC466D54.B0A30AA2,3,3,,,2,UNIX,,10,0,0,Information Technology
09/02/2017 04:42,192.168.253.189,udp,123,,278,MX,DISTRITO FEDERAL,MEXICO CITY,4,3,0xDC4671C3.E3EEF1C1,,3,0,0,3,,3,,,,-22,unknown,192.167.169.17,0xDC466D54.B0A30AA2,3,3,,,2,UNIX,,10,0,0,Information Technology
09/02/2017 05:39,192.168.253.193,udp,123,,278,MX,DISTRITO FEDERAL,MEXICO CITY,4,3,0xDC467F08.4BEA421D,,3,0,0,3,,3,,,,-22,unknown,192.167.169.17,0xDC467DE5.BBF12F8A,3,3,,,2,UNIX,,10,0,0,Information Technology
09/02/2017 05:52,192.168.253.197,udp,123,,278,MX,DISTRITO FEDERAL,MEXICO CITY,4,3,0xDC468230.CD7C775E,,3,0,0,3,,3,,,,-22,unknown,192.167.169.17,0xDC467DE5.BBF12F8A,3,3,,,2,UNIX,,10,0,0,Information Technology
09/02/2017 04:37,192.168.253.201,udp,123,,278,MX,DISTRITO FEDERAL,MEXICO CITY,4,3,0xDC467080.4F58E550,,3,0,0,3,,3,,,,-22,unknown,192.167.169.17,0xDC466D54.B0A30AA2,3,3,,,2,UNIX,,10,0,0,Information Technology
09/02/2017 05:01,192.168.253.205,udp,123,,278,MX,DISTRITO FEDERAL,MEXICO CITY,4,3,0xDC467611.08DFF5FF,,3,0,0,3,,3,,,,-22,unknown,192.167.169.17,0xDC4675CC.B67859A1,3,3,,,2,UNIX,,10,0,0,Information Technology
09/02/2017 04:58,192.168.253.209,udp,123,,278,MX,DISTRITO FEDERAL,MEXICO CITY,4,3,0xDC467591.40D4CEEA,,3,0,0,3,,3,,,,-22,unknown,192.167.169.17,0xDC466D54.B0A30AA2,3,3,,,2,UNIX,,10,0,0,Information Technology
09/02/2017 04:19,192.168.253.213,udp,123,,278,MX,DISTRITO FEDERAL,MEXICO CITY,4,3,0xDC466C53.0C997586,,3,0,0,3,,3,,,,-22,unknown,192.167.169.17,0xDC464C38.9A41D2B9,3,3,,,2,UNIX,,10,0,0,Information Technology
09/02/2017 03:16,192.168.253.222,udp,123,,278,MX,DISTRITO FEDERAL,MEXICO CITY,,,0xdc465d8e.601b9735,,4.046,138.71,0,,,,5460039,,6,-18,,192.167.169.17,0xdc465d68.8a093532,20.898,223.156,0.002,4,2,,,,0,0,Information Technology
09/02/2017 04:23,192.168.253.226,udp,123,,278,MX,DISTRITO FEDERAL,MEXICO CITY,4,,0xDC466D29.5706412A,,-5.273,0.049,0,,0.258,-0.279,,,10,-24,unknown,192.167.169.17,0xDC46692A.388BF373,24.048,30.802,0.009,4,2,UNIX,,,0,0,Information Technology
09/02/2017 03:57,192.168.253.233,udp,123,,278,MX,DISTRITO FEDERAL,MEXICO CITY,4,0,0xDC466737.A48A994D,,0,0,0,3,,0,,,,-21,unknown,192.167.169.17,0xDC465949.0ECF8DE7,0,0,,,2,UNIX,,10,0,0,Information Technology
09/02/2017 04:29,192.168.253.242,udp,123,,278,MX,DISTRITO FEDERAL,MEXICO CITY,4,0,0xDC466EA7.75276D9A,,0,0,0,3,,0,,,,-21,unknown,192.167.169.17,0xDC466D4B.EE5AE5AC,0,0,,,2,UNIX,,10,0,0,Information Technology
09/02/2017 05:12,192.168.253.253,udp,123,,278,MX,DISTRITO FEDERAL,MEXICO CITY,4,0,0xDC4678B1.F64F28AE,,0,0,0,3,,0,,,,-21,unknown,192.167.169.17,0xDC46732A.3DDF1C8E,0,0,,,2,UNIX,,9,0,0,Information Technology
09/02/2017 05:00,192.168.253.254,udp,123,,278,MX,DISTRITO FEDERAL,MEXICO CITY,4,,0xDC4675D4.C1F753CA,,-5.261,0.369,0,,0.379,-1.063,,,10,-24,unknown,192.167.169.17,0xDC467075.39E639AD,60.242,41.115,0.013,4,2,UNIX,,,0,0,Information Technology
09/02/2017 03:26,192.168.254.1,udp,123,,278,MX,DISTRITO FEDERAL,MEXICO CITY,4,0,0xDC465FD4.F851A585,,0,0,0,3,,0,,,,-21,unknown,192.167.169.17,0xDC465949.0ECF8DE7,0,0,,,2,UNIX,,10,0,0,Information Technology
09/02/2017 03:39,192.168.254.5,udp,123,,278,MX,DISTRITO FEDERAL,MEXICO CITY,4,0,0xDC4662DC.05EF5714,,0,0,0,3,,0,,,,-21,unknown,192.167.169.17,0xDC465949.0ECF8DE7,0,0,,,2,UNIX,,10,0,0,Information Technology
09/02/2017 03:15,192.168.254.9,udp,123,,278,MX,DISTRITO FEDERAL,MEXICO CITY,4,0,0xDC465D4F.AFE4AEFF,,0,0,0,3,,0,,,,-21,unknown,192.167.169.17,0xDC465949.0ECF8DE7,0,0,,,2,UNIX,,10,0,0,Information Technology
09/02/2017 04:00,192.168.254.13,udp,123,,278,MX,DISTRITO FEDERAL,MEXICO CITY,4,0,0xDC4667F0.B3CC506C,,0,0,0,3,,0,,,,-21,unknown,192.167.169.17,0xDC465949.0ECF8DE7,0,0,,,2,UNIX,,10,0,0,Information Technology
09/02/2017 03:53,192.168.254.17,udp,123,,278,MX,DISTRITO FEDERAL,MEXICO CITY,4,3,0xDC46662F.EB691FB3,,3,0,0,3,,3,,,,-22,unknown,192.167.169.17,0xDC464C38.9A41D2B9,3,3,,,2,UNIX,,10,0,0,Information Technology
09/02/2017 04:09,192.168.254.18,udp,123,,278,MX,DISTRITO FEDERAL,MEXICO CITY,4,0,0xDC4669F6.25126B5C,,0,0,0,3,,0,,,,-21,unknown,192.167.169.17,0xDC466652.E6E8C4F4,0,0,,,2,UNIX,,10,0,0,Information Technology
09/02/2017 03:57,192.168.254.37,udp,123,,278,MX,DISTRITO FEDERAL,MEXICO CITY,4,3,0xDC46670C.2EDDB43A,,3,0,0,3,,3,,,,-22,unknown,192.167.169.17,0xDC464C38.9A41D2B9,3,3,,,2,UNIX,,10,0,0,Information Technology
09/02/2017 04:03,192.168.254.46,udp,123,,278,MX,DISTRITO FEDERAL,MEXICO CITY,4,0,0xDC4668A8.8EF8B8A0,,0,0,0,3,,0,,,,-21,unknown,192.167.169.17,0xDC464A69.592A635D,0,0,,,2,UNIX,,10,0,0,Information Technology
09/02/2017 05:45,192.168.254.49,udp,123,,278,MX,DISTRITO FEDERAL,MEXICO CITY,4,0,0xDC468075.6F7957B8,,0,0,0,3,,0,,,,-21,unknown,192.167.169.17,0xDC465949.0ECF8DE7,0,0,,,2,UNIX,,10,0,0,Information Technology
09/02/2017 03:35,192.168.254.54,udp,123,,278,MX,DISTRITO FEDERAL,MEXICO CITY,4,0,0xDC4661FF.46A2E032,,0,0,0,3,,0,,,,-20,unknown,192.167.169.17,0xDC4643FD.57A8DCF8,0,0,,,2,UNIX,,10,0,0,Information Technology
09/02/2017 04:44,192.168.254.57,udp,123,,278,MX,DISTRITO FEDERAL,MEXICO CITY,4,0,0xDC467216.B16E6136,,0,0,0,3,,0,,,,-21,unknown,192.167.169.17,0xDC465949.0ECF8DE7,0,0,,,2,UNIX,,10,0,0,Information Technology
09/02/2017 05:43,192.168.254.61,udp,123,,278,MX,DISTRITO FEDERAL,MEXICO CITY,4,0,0xDC467FFB.83E6F74E,,0,0,0,3,,0,,,,-21,unknown,192.167.169.17,0xDC465949.0ECF8DE7,0,0,,,2,UNIX,,10,0,0,Information Technology
09/02/2017 04:09,192.168.254.73,udp,123,,278,MX,DISTRITO FEDERAL,MEXICO CITY,4,,0xDC4669E5.94FF27EC,,0,0,0,,0,0,,,10,-6,unknown,192.167.169.17,0xDC4667F8.0B2C8879,0,0,0,4,2,UNIX,,,0,0,Information Technology
09/02/2017 05:52,192.168.254.85,udp,123,,278,MX,DISTRITO FEDERAL,MEXICO CITY,4,0,0xDC46821C.CDE71BBC,,0,0,0,3,,0,,,,-18,unknown,192.167.169.17,0xDC4680DA.78DC812F,0,0,,,2,UNIX,,10,0,0,Information Technology
09/02/2017 04:24,192.168.254.89,udp,123,,278,MX,DISTRITO FEDERAL,MEXICO CITY,4,,0xDC466D66.F5BF74DC,,0,0,0,,0,0,,,10,-6,unknown,192.167.169.17,0xDC466BFA.0DC1F6FC,0,0,0,4,2,UNIX,,,0,0,Information Technology
09/02/2017 04:15,192.168.254.93,udp,123,,278,MX,DISTRITO FEDERAL,MEXICO CITY,4,0,0xDC466B5E.5EF50D02,,0,0,0,3,,0,,,,-21,unknown,192.167.169.17,0xDC465949.0ECF8DE7,0,0,,,2,UNIX,,10,0,0,Information Technology
09/02/2017 05:53,192.168.254.109,udp,123,,278,MX,DISTRITO FEDERAL,MEXICO CITY,4,3,0xDC468261.1FF3C14A,,3,0,0,3,,3,,,,-22,unknown,192.167.169.17,0xDC467DE5.BBF12F8A,3,3,,,2,UNIX,,10,0,0,Information Technology
09/02/2017 04:09,192.168.254.113,udp,123,,278,MX,DISTRITO FEDERAL,MEXICO CITY,4,3,0xDC4669E2.352A3DAF,,3,0,0,3,,3,,,,-22,unknown,192.167.169.17,0xDC464C38.9A41D2B9,3,3,,,2,UNIX,,10,0,0,Information Technology
09/02/2017 03:46,192.168.254.121,udp,123,,278,MX,DISTRITO FEDERAL,MEXICO CITY,4,0,0xDC46647C.07A4A320,,0,0,0,3,,0,,,,-21,unknown,192.167.169.17,0xDC465949.0ECF8DE7,0,0,,,2,UNIX,,10,0,0,Information Technology
09/02/2017 03:46,192.168.254.125,udp,123,,278,MX,DISTRITO FEDERAL,MEXICO CITY,4,0,0xDC466471.C8CC6A66,,0,0,0,3,,0,,,,-21,unknown,192.167.169.17,0xDC465949.0ECF8DE7,0,0,,,2,UNIX,,10,0,0,Information Technology
09/02/2017 04:40,192.168.254.129,udp,123,,278,MX,DISTRITO FEDERAL,MEXICO CITY,4,,0xDC46713B.6B6C5326,,0,0,0,,0,0,,,10,-6,unknown,192.167.169.17,0xDC466FFC.0FD19882,0,0,0,4,2,UNIX,,,0,0,Information Technology
09/02/2017 03:17,192.168.254.137,udp,123,,278,MX,DISTRITO FEDERAL,MEXICO CITY,4,3,0xDC465DBD.0510EF55,,3,0,0,3,,3,,,,-22,unknown,192.167.169.17,0xDC464C38.9A41D2B9,3,3,,,2,UNIX,,10,0,0,Information Technology
09/02/2017 03:22,192.168.254.138,udp,123,,278,MX,DISTRITO FEDERAL,MEXICO CITY,4,0,0xDC465EF1.0103ACBC,,0,0,0,3,,0,,,,-21,unknown,192.167.169.17,0xDC465421.8038BC55,0,0,,,2,UNIX,,10,0,0,Information Technology
09/02/2017 04:25,192.168.254.174,udp,123,,278,MX,DISTRITO FEDERAL,MEXICO CITY,4,0,0xDC466DA0.1670BE7B,,0,0,0,3,,0,,,,-21,unknown,192.167.169.17,0xDC4657EC.FE3E9607,0,0,,,2,UNIX,,10,0,0,Information Technology
09/02/2017 03:53,192.168.254.206,udp,123,,278,MX,DISTRITO FEDERAL,MEXICO CITY,4,0,0xDC466634.CE560650,,0,0,0,3,,0,,,,-10,unknown,192.167.169.17,0xDC4652C9.2F1AA040,0,0,,,2,UNIX,,10,0,0,Information Technology
09/02/2017 04:17,192.168.254.213,udp,123,,278,MX,DISTRITO FEDERAL,MEXICO CITY,4,0,0xDC466BDA.F8E4FFEF,,0,0,0,3,,0,,,,-21,unknown,192.167.169.17,0xDC465949.0ECF8DE7,0,0,,,2,UNIX,,10,0,0,Information Technology
09/02/2017 05:49,192.168.254.217,udp,123,,278,MX,DISTRITO FEDERAL,MEXICO CITY,4,0,0xDC46817A.CBF52E98,,0,0,3,3,,0,,,,-21,unknown,INIT,0xDB8FEC58.5A6DFDDB,0,0,,,16,UNIX,,6,0,0,Information Technology
09/02/2017 04:53,192.168.254.237,udp,123,,278,MX,DISTRITO FEDERAL,MEXICO CITY,4,3,0xDC467442.79B6958F,,3,0,0,3,,3,,,,-22,unknown,192.167.169.17,0xDC466D54.B0A30AA2,3,3,,,2,UNIX,,10,0,0,Information Technology
09/02/2017 05:17,192.168.254.241,udp,123,,278,MX,DISTRITO FEDERAL,MEXICO CITY,4,,0xDC4679E1.30618204,,0,0,0,,0,0,,,10,-6,unknown,192.167.169.17,0xDC467900.59BA1D69,0,0,0,4,2,UNIX,,,0,0,Information Technology
09/02/2017 03:50,192.168.254.249,udp,123,,278,MX,DISTRITO FEDERAL,MEXICO CITY,4,0,0xDC466576.4685E0BD,,0,0,0,3,,0,,,,-21,unknown,192.167.169.17,0xDC465949.0ECF8DE7,0,0,,,2,UNIX,,10,0,0,Information Technology
09/02/2017 04:36,192.168.255.2,udp,123,,278,MX,DISTRITO FEDERAL,MEXICO CITY,4,3,0xDC467037.D7F24BB1,,3,0,0,3,,3,,,,-22,unknown,192.167.169.17,0xDC466D54.B0A30AA2,3,3,,,2,UNIX,,10,0,0,Information Technology
